{
  "os": {
    "x64": "no",
    "x64Process": "no",
    "Platform": "Unix",
    "Version": "Unix 4.14.34.7"
  },
  "hardware": {
    "CPUs": 4,
    "CPUID": null
  },
  "server": {
    "Players": 6,
    "MaxPlayers": 255,
    "WorldName": "Omicron Persei 9",
    "WorldFile": "/home/pi/.local/share/Terraria/Worlds/Omicron_Persei_9.wld",
    "Time": 506.0
  },
  "process": {
    "curRelease": 194,
    "TSAPIVersion": "1.3.5.3",
    "Uptime": "04:45:32.0905130",
    "WorkingDirectory": "",
    "Arguments": ""
  },
  "memory": [],
  "plugins": [
    {
      "Name": "TShock",
      "Author": "The TShock Team",
      "Version": "4.3.25.0"
    }
  ],
  "exception": {
    "message": "Out of memory",
    "type": "OutOfMemoryException",
    "trace": "  at (wrapper alloc) System.Object.AllocVector(intptr,intptr)\n  at System.IO.MemoryStream.set_Capacity (System.Int32 value) [0x00057] in <65984520577646ec9044386ec4a7b3dd>:0 \n  at System.IO.MemoryStream.EnsureCapacity (System.Int32 value) [0x00061] in <65984520577646ec9044386ec4a7b3dd>:0 \n  at System.IO.MemoryStream.Write (System.Byte[] buffer, System.Int32 offset, System.Int32 count) [0x000b3] in <65984520577646ec9044386ec4a7b3dd>:0 \n  at System.IO.BinaryWriter.Write (System.Byte[] buffer, System.Int32 index, System.Int32 count) [0x00000] in <65984520577646ec9044386ec4a7b3dd>:0 \n  at Terraria.IO.WorldFile.SaveWorldTiles (System.IO.BinaryWriter writer) [0x003bc] in <788df755de55431ab5a8cb189729ff2f>:0 \n  at Terraria.IO.WorldFile.SaveWorld_Version2 (System.IO.BinaryWriter writer) [0x0001a] in <788df755de55431ab5a8cb189729ff2f>:0 \n  at Terraria.IO.WorldFile.saveWorldDirect (System.Boolean useCloudSaving, System.Boolean resetTime) [0x000c5] in <788df755de55431ab5a8cb189729ff2f>:0 \n  at Terraria.IO.WorldFile.saveWorld (System.Boolean useCloudSaving, System.Boolean resetTime) [0x00010] in <788df755de55431ab5a8cb189729ff2f>:0 \n  at Terraria.IO.WorldFile.saveWorld () [0x00000] in <788df755de55431ab5a8cb189729ff2f>:0 \n  at Terraria.WorldGen.saveAndPlayCallBack (System.Object threadContext) [0x00000] in <788df755de55431ab5a8cb189729ff2f>:0 \n  at System.Threading.QueueUserWorkItemCallback.WaitCallback_Context (System.Object state) [0x00007] in <65984520577646ec9044386ec4a7b3dd>:0 \n  at System.Threading.ExecutionContext.RunInternal (System.Threading.ExecutionContext executionContext, System.Threading.ContextCallback callback, System.Object state, System.Boolean preserveSyncCtx) [0x00071] in <65984520577646ec9044386ec4a7b3dd>:0 \n  at System.Threading.ExecutionContext.Run (System.Threading.ExecutionContext executionContext, System.Threading.ContextCallback callback, System.Object state, System.Boolean preserveSyncCtx) [0x00000] in <65984520577646ec9044386ec4a7b3dd>:0 \n  at System.Threading.QueueUserWorkItemCallback.System.Threading.IThreadPoolWorkItem.ExecuteWorkItem () [0x00021] in <65984520577646ec9044386ec4a7b3dd>:0 \n  at System.Threading.ThreadPoolWorkQueue.Dispatch () [0x00074] in <65984520577646ec9044386ec4a7b3dd>:0 \n  at System.Threading._ThreadPoolWaitCallback.PerformWaitCallback () [0x00000] in <65984520577646ec9044386ec4a7b3dd>:0 ",
    "inner": null
  }
}